-- DGD - Catalogo COBRADE completo com quatro niveis e simbologia oficial
-- Gerado a partir de base_cobrade_sistema_com_subtipo_definicao.xlsx em 2026-07-07.

SET NAMES utf8mb4;

INSERT INTO cobrade_grupos (id, codigo, nome, descricao) VALUES
(1, '1.1', 'Geológico', 'Grupo COBRADE 1.1 - Geológico'),
(2, '1.2', 'Hidrológico', 'Grupo COBRADE 1.2 - Hidrológico'),
(3, '1.3', 'Meteorológico', 'Grupo COBRADE 1.3 - Meteorológico'),
(4, '1.4', 'Climatológico', 'Grupo COBRADE 1.4 - Climatológico'),
(5, '1.5', 'Biológico', 'Grupo COBRADE 1.5 - Biológico'),
(6, '2.1', 'Desastres relacionados a substâncias radioativas', 'Grupo COBRADE 2.1 - Desastres relacionados a substâncias radioativas'),
(7, '2.2', 'Desastres relacionados a produtos perigosos', 'Grupo COBRADE 2.2 - Desastres relacionados a produtos perigosos'),
(8, '2.3', 'Desastres relacionados a incêndios urbanos', 'Grupo COBRADE 2.3 - Desastres relacionados a incêndios urbanos'),
(9, '2.4', 'Desastres relacionados a obras civis', 'Grupo COBRADE 2.4 - Desastres relacionados a obras civis'),
(10, '2.5', 'Desastres relacionados a transporte de passageiros e cargas não perigosas', 'Grupo COBRADE 2.5 - Desastres relacionados a transporte de passageiros e cargas não perigosas');

INSERT INTO cobrade_subgrupos (id, grupo_id, codigo, nome, descricao) VALUES
(1, 1, '1.1.1', 'Terremoto', 'Subgrupo COBRADE 1.1.1 - Terremoto'),
(2, 1, '1.1.2', 'Emanação vulcânica', 'Subgrupo COBRADE 1.1.2 - Emanação vulcânica'),
(3, 1, '1.1.3', 'Movimento de massa', 'Subgrupo COBRADE 1.1.3 - Movimento de massa'),
(4, 1, '1.1.4', 'Erosão', 'Subgrupo COBRADE 1.1.4 - Erosão'),
(5, 2, '1.2.1', 'Inundações', 'Subgrupo COBRADE 1.2.1 - Inundações'),
(6, 2, '1.2.2', 'Enxurradas', 'Subgrupo COBRADE 1.2.2 - Enxurradas'),
(7, 2, '1.2.3', 'Alagamentos', 'Subgrupo COBRADE 1.2.3 - Alagamentos'),
(8, 3, '1.3.1', 'Sistemas de grande escala/Escala regional', 'Subgrupo COBRADE 1.3.1 - Sistemas de grande escala/Escala regional'),
(9, 3, '1.3.2', 'Tempestades', 'Subgrupo COBRADE 1.3.2 - Tempestades'),
(10, 3, '1.3.3', 'Temperaturas extremas', 'Subgrupo COBRADE 1.3.3 - Temperaturas extremas'),
(11, 4, '1.4.1', 'Seca', 'Subgrupo COBRADE 1.4.1 - Seca'),
(12, 5, '1.5.1', 'Epidemias', 'Subgrupo COBRADE 1.5.1 - Epidemias'),
(13, 5, '1.5.2', 'Infestações/Pragas', 'Subgrupo COBRADE 1.5.2 - Infestações/Pragas'),
(14, 6, '2.1.1', 'Desastres siderais com riscos radioativos', 'Subgrupo COBRADE 2.1.1 - Desastres siderais com riscos radioativos'),
(15, 6, '2.1.2', 'Desastres com substâncias e equipamentos radioativos de uso em pesquisas, indústrias e usinas nucleares', 'Subgrupo COBRADE 2.1.2 - Desastres com substâncias e equipamentos radioativos de uso em pesquisas, indústrias e usinas nucleares'),
(16, 6, '2.1.3', 'Desastres relacionados com riscos de intensa poluição ambiental provocada por resíduos radioativos', 'Subgrupo COBRADE 2.1.3 - Desastres relacionados com riscos de intensa poluição ambiental provocada por resíduos radioativos'),
(17, 7, '2.2.1', 'Desastres em plantas e distritos industriais, parques e armazenamentos com extravasamento de produtos perigosos', 'Subgrupo COBRADE 2.2.1 - Desastres em plantas e distritos industriais, parques e armazenamentos com extravasamento de produtos perigosos'),
(18, 7, '2.2.2', 'Desastres relacionados à contaminação da água', 'Subgrupo COBRADE 2.2.2 - Desastres relacionados à contaminação da água'),
(19, 7, '2.2.3', 'Desastres relacionados a conflitos bélicos', 'Subgrupo COBRADE 2.2.3 - Desastres relacionados a conflitos bélicos'),
(20, 7, '2.2.4', 'Desastres relacionados a transporte de produtos perigosos', 'Subgrupo COBRADE 2.2.4 - Desastres relacionados a transporte de produtos perigosos'),
(21, 8, '2.3.1', 'Incêndios urbanos', 'Subgrupo COBRADE 2.3.1 - Incêndios urbanos'),
(22, 9, '2.4.1', 'Colapso de edificações', 'Subgrupo COBRADE 2.4.1 - Colapso de edificações'),
(23, 9, '2.4.2', 'Rompimento/colapso de barragens', 'Subgrupo COBRADE 2.4.2 - Rompimento/colapso de barragens'),
(24, 10, '2.5.1', 'Transporte rodoviário', 'Subgrupo COBRADE 2.5.1 - Transporte rodoviário'),
(25, 10, '2.5.2', 'Transporte ferroviário', 'Subgrupo COBRADE 2.5.2 - Transporte ferroviário'),
(26, 10, '2.5.3', 'Transporte aéreo', 'Subgrupo COBRADE 2.5.3 - Transporte aéreo'),
(27, 10, '2.5.4', 'Transporte marítimo', 'Subgrupo COBRADE 2.5.4 - Transporte marítimo'),
(28, 10, '2.5.5', 'Transporte aquaviário', 'Subgrupo COBRADE 2.5.5 - Transporte aquaviário');

INSERT INTO cobrade_tipos (id, subgrupo_id, codigo, nome, descricao) VALUES
(1, 1, '1.1.1.1', 'Tremor de terra', 'Tipo COBRADE 1.1.1.1 - Tremor de terra'),
(2, 1, '1.1.1.2', 'Tsunami', 'Tipo COBRADE 1.1.1.2 - Tsunami'),
(3, 2, '1.1.2.0', 'Emanação vulcânica', 'Tipo COBRADE 1.1.2.0 - Emanação vulcânica'),
(4, 3, '1.1.3.1', 'Quedas, tombamentos e rolamentos', 'Tipo COBRADE 1.1.3.1 - Quedas, tombamentos e rolamentos'),
(5, 3, '1.1.3.2', 'Deslizamentos', 'Tipo COBRADE 1.1.3.2 - Deslizamentos'),
(6, 3, '1.1.3.3', 'Corridas de massa', 'Tipo COBRADE 1.1.3.3 - Corridas de massa'),
(7, 3, '1.1.3.4', 'Subsidências e colapsos', 'Tipo COBRADE 1.1.3.4 - Subsidências e colapsos'),
(8, 4, '1.1.4.1', 'Erosão costeira/Marinha', 'Tipo COBRADE 1.1.4.1 - Erosão costeira/Marinha'),
(9, 4, '1.1.4.2', 'Erosão de margem fluvial', 'Tipo COBRADE 1.1.4.2 - Erosão de margem fluvial'),
(10, 4, '1.1.4.3', 'Erosão continental', 'Tipo COBRADE 1.1.4.3 - Erosão continental'),
(11, 5, '1.2.1.0', 'Inundações', 'Tipo COBRADE 1.2.1.0 - Inundações'),
(12, 6, '1.2.2.0', 'Enxurradas', 'Tipo COBRADE 1.2.2.0 - Enxurradas'),
(13, 7, '1.2.3.0', 'Alagamentos', 'Tipo COBRADE 1.2.3.0 - Alagamentos'),
(14, 8, '1.3.1.1', 'Ciclones', 'Tipo COBRADE 1.3.1.1 - Ciclones'),
(15, 8, '1.3.1.2', 'Frentes frias/Zonas de convergência', 'Tipo COBRADE 1.3.1.2 - Frentes frias/Zonas de convergência'),
(16, 9, '1.3.2.1', 'Tempestade local/Convectiva', 'Tipo COBRADE 1.3.2.1 - Tempestade local/Convectiva'),
(17, 10, '1.3.3.1', 'Onda de calor', 'Tipo COBRADE 1.3.3.1 - Onda de calor'),
(18, 10, '1.3.3.2', 'Onda de frio', 'Tipo COBRADE 1.3.3.2 - Onda de frio'),
(19, 11, '1.4.1.1', 'Estiagem', 'Tipo COBRADE 1.4.1.1 - Estiagem'),
(20, 11, '1.4.1.2', 'Seca', 'Tipo COBRADE 1.4.1.2 - Seca'),
(21, 11, '1.4.1.3', 'Incêndio florestal', 'Tipo COBRADE 1.4.1.3 - Incêndio florestal'),
(22, 11, '1.4.1.4', 'Baixa umidade do ar', 'Tipo COBRADE 1.4.1.4 - Baixa umidade do ar'),
(23, 12, '1.5.1.1', 'Doenças infecciosas virais', 'Tipo COBRADE 1.5.1.1 - Doenças infecciosas virais'),
(24, 12, '1.5.1.2', 'Doenças infecciosas bacterianas', 'Tipo COBRADE 1.5.1.2 - Doenças infecciosas bacterianas'),
(25, 12, '1.5.1.3', 'Doenças infecciosas parasíticas', 'Tipo COBRADE 1.5.1.3 - Doenças infecciosas parasíticas'),
(26, 12, '1.5.1.4', 'Doenças infecciosas fúngicas', 'Tipo COBRADE 1.5.1.4 - Doenças infecciosas fúngicas'),
(27, 13, '1.5.2.1', 'Infestações de animais', 'Tipo COBRADE 1.5.2.1 - Infestações de animais'),
(28, 13, '1.5.2.2', 'Infestações de algas', 'Tipo COBRADE 1.5.2.2 - Infestações de algas'),
(29, 13, '1.5.2.3', 'Outras infestações', 'Tipo COBRADE 1.5.2.3 - Outras infestações'),
(30, 14, '2.1.1.1', 'Queda de satélite (radionuclídeos)', 'Tipo COBRADE 2.1.1.1 - Queda de satélite (radionuclídeos)'),
(31, 15, '2.1.2.1', 'Fontes radioativas em processos de produção', 'Tipo COBRADE 2.1.2.1 - Fontes radioativas em processos de produção'),
(32, 16, '2.1.3.1', 'Outras fontes de liberação de radionuclídeos para o meio ambiente', 'Tipo COBRADE 2.1.3.1 - Outras fontes de liberação de radionuclídeos para o meio ambiente'),
(33, 17, '2.2.1.1', 'Liberação de produtos químicos para a atmosfera causada por explosão ou incêndio', 'Tipo COBRADE 2.2.1.1 - Liberação de produtos químicos para a atmosfera causada por explosão ou incêndio'),
(34, 18, '2.2.2.1', 'Liberação de produtos químicos nos sistemas de água potável', 'Tipo COBRADE 2.2.2.1 - Liberação de produtos químicos nos sistemas de água potável'),
(35, 18, '2.2.2.2', 'Derramamento de produtos químicos em ambiente lacustre, fluvial, marinho e aquífero', 'Tipo COBRADE 2.2.2.2 - Derramamento de produtos químicos em ambiente lacustre, fluvial, marinho e aquífero'),
(36, 19, '2.2.3.1', 'Liberação de produtos químicos e contaminação como consequência de ações militares', 'Tipo COBRADE 2.2.3.1 - Liberação de produtos químicos e contaminação como consequência de ações militares'),
(37, 20, '2.2.4.1', 'Transporte rodoviário', 'Tipo COBRADE 2.2.4.1 - Transporte rodoviário'),
(38, 20, '2.2.4.2', 'Transporte ferroviário', 'Tipo COBRADE 2.2.4.2 - Transporte ferroviário'),
(39, 20, '2.2.4.3', 'Transporte aéreo', 'Tipo COBRADE 2.2.4.3 - Transporte aéreo'),
(40, 20, '2.2.4.4', 'Transporte dutoviário', 'Tipo COBRADE 2.2.4.4 - Transporte dutoviário'),
(41, 20, '2.2.4.5', 'Transporte marítimo', 'Tipo COBRADE 2.2.4.5 - Transporte marítimo'),
(42, 20, '2.2.4.6', 'Transporte aquaviário', 'Tipo COBRADE 2.2.4.6 - Transporte aquaviário'),
(43, 21, '2.3.1.1', 'Incêndios em plantas e distritos industriais, parques e depósitos', 'Tipo COBRADE 2.3.1.1 - Incêndios em plantas e distritos industriais, parques e depósitos'),
(44, 21, '2.3.1.2', 'Incêndios em aglomerados residenciais', 'Tipo COBRADE 2.3.1.2 - Incêndios em aglomerados residenciais'),
(45, 22, '2.4.1.0', 'Colapso de edificações', 'Tipo COBRADE 2.4.1.0 - Colapso de edificações'),
(46, 23, '2.4.2.0', 'Rompimento/colapso de barragens', 'Tipo COBRADE 2.4.2.0 - Rompimento/colapso de barragens'),
(47, 24, '2.5.1.0', 'Transporte rodoviário', 'Tipo COBRADE 2.5.1.0 - Transporte rodoviário'),
(48, 25, '2.5.2.0', 'Transporte ferroviário', 'Tipo COBRADE 2.5.2.0 - Transporte ferroviário'),
(49, 26, '2.5.3.0', 'Transporte aéreo', 'Tipo COBRADE 2.5.3.0 - Transporte aéreo'),
(50, 27, '2.5.4.0', 'Transporte marítimo', 'Tipo COBRADE 2.5.4.0 - Transporte marítimo'),
(51, 28, '2.5.5.0', 'Transporte aquaviário', 'Tipo COBRADE 2.5.5.0 - Transporte aquaviário');

INSERT INTO cobrade_subtipos (id, tipo_id, codigo, nome, descricao, simbologia, origem, versao) VALUES
(1, 1, '1.1.1.1.0', 'Tremor de terra', 'Vibrações do terreno que provocam oscilações verticais e horizontais na superfície da Terra (ondas sísmicas). Pode ser natural (tectônica) ou induzido (explosões, injeção profunda de líquidos e gás, extração de fluidos, alívio de carga de minas, enchimento de lagos artificiais).', 'cobrade_simbologia/simbologia_cobrade_1_1_1_1_0.png', 'Base COBRADE oficial', '2026-06-10'),
(2, 2, '1.1.1.2.0', 'Tsunami', 'Série de ondas geradas por deslocamento de um grande volume de água causado geralmente por terremotos, erupções vulcânicas ou movimentos de massa.', 'cobrade_simbologia/simbologia_cobrade_1_1_1_2_0.png', 'Base COBRADE oficial', '2026-06-10'),
(3, 3, '1.1.2.0.0', 'Emanação vulcânica', 'Produtos/materiais vulcânicos lançados na atmosfera a partir de erupções vulcânicas.', 'cobrade_simbologia/simbologia_cobrade_1_1_2_0_0.png', 'Base COBRADE oficial', '2026-06-10'),
(4, 4, '1.1.3.1.1', 'Blocos', 'As quedas de blocos são movimentos rápidos e acontecem quando materiais rochosos diversos e de volumes variáveis se destacam de encostas muito íngremes, num movimento tipo queda livre. Os tombamentos de blocos são movimentos de massa em que ocorre rotação de um bloco de solo ou rocha em torno de um ponto ou abaixo do centro de gravidade da massa desprendida. Rolamentos de blocos são movimentos de blocos rochosos ao longo de encostas, que ocorrem geralmente pela perda de apoio (descalçamento).', 'cobrade_simbologia/simbologia_cobrade_1_1_3_1_1.png', 'Base COBRADE oficial', '2026-06-10'),
(5, 4, '1.1.3.1.2', 'Lascas', 'As quedas de lascas são movimentos rápidos e acontecem quando fatias delgadas formadas pelos fragmentos de rochas se destacam de encostas muito íngremes, num movimento tipo queda livre.', 'cobrade_simbologia/simbologia_cobrade_1_1_3_1_2.png', 'Base COBRADE oficial', '2026-06-10'),
(6, 4, '1.1.3.1.3', 'Matacães', 'Os rolamentos de matacães são caracterizados por movimentos rápidos e acontecem quando materiais rochosos diversos e de volumes variáveis se destacam de encostas e movimentam-se num plano inclinado.', 'cobrade_simbologia/simbologia_cobrade_1_1_3_1_3.png', 'Base COBRADE oficial', '2026-06-10'),
(7, 4, '1.1.3.1.4', 'Lajes', 'As quedas de lajes são movimentos rápidos e acontecem quando fragmentos de rochas extensas de superfície mais ou menos plana e de pouca espessura se destacam de encostas muito íngremes, num movimento tipo queda livre.', 'cobrade_simbologia/simbologia_cobrade_1_1_3_1_4.png', 'Base COBRADE oficial', '2026-06-10'),
(8, 5, '1.1.3.2.1', 'Deslizamentos de solo e/ou rocha', 'São movimentos rápidos de solo ou rocha, apresentando superfície de ruptura bem definida, de duração relativamente curta, de massas de terreno geralmente bem definidas quanto ao seu volume, cujo centro de gravidade se desloca para baixo e para fora do talude. Frequentemente, os primeiros sinais desses movimentos são a presença de fissuras.', 'cobrade_simbologia/simbologia_cobrade_1_1_3_2_1.png', 'Base COBRADE oficial', '2026-06-10'),
(9, 6, '1.1.3.3.1', 'Solo/Lama', 'Ocorrem quando, por índices pluviométricos excepcionais, o solo/lama, misturado com a água, tem comportamento de líquido viscoso, de extenso raio de ação e alto poder destrutivo.', 'cobrade_simbologia/simbologia_cobrade_1_1_3_3_1.png', 'Base COBRADE oficial', '2026-06-10'),
(10, 6, '1.1.3.3.2', 'Rocha/Detrito', 'Ocorrem quando, por índices pluviométricos excepcionais, rocha/detrito, misturado com a água, tem comportamento de líquido viscoso, de extenso raio de ação e alto poder destrutivo.', 'cobrade_simbologia/simbologia_cobrade_1_1_3_3_2.png', 'Base COBRADE oficial', '2026-06-10'),
(11, 7, '1.1.3.4.0', 'Subsidências e colapsos', 'Afundamento rápido ou gradual do terreno devido ao colapso de cavidades, redução da porosidade do solo ou deformação de material argiloso.', 'cobrade_simbologia/simbologia_cobrade_1_1_3_4_0.png', 'Base COBRADE oficial', '2026-06-10'),
(12, 8, '1.1.4.1.0', 'Erosão costeira/Marinha', 'Processo de desgaste (mecânico ou químico) que ocorre ao longo da linha da costa (rochosa ou praia) e se deve à ação das ondas, correntes marinhas e marés.', 'cobrade_simbologia/simbologia_cobrade_1_1_4_1_0.png', 'Base COBRADE oficial', '2026-06-10'),
(13, 9, '1.1.4.2.0', 'Erosão de margem fluvial', 'Desgaste das encostas dos rios que provoca desmoronamento de barrancos.', 'cobrade_simbologia/simbologia_cobrade_1_1_4_2_0.png', 'Base COBRADE oficial', '2026-06-10'),
(14, 10, '1.1.4.3.1', 'Laminar', 'Remoção de uma camada delgada e uniforme do solo superficial provocada por fluxo hídrico não concentrado.', 'cobrade_simbologia/simbologia_cobrade_1_1_4_3_1.png', 'Base COBRADE oficial', '2026-06-10'),
(15, 10, '1.1.4.3.2', 'Ravinas', 'Evolução, em tamanho e profundidade, da desagregação e remoção das partículas do solo de sulcos provocada por escoamento hídrico superficial concentrado.', 'cobrade_simbologia/simbologia_cobrade_1_1_4_3_2.png', 'Base COBRADE oficial', '2026-06-10'),
(16, 10, '1.1.4.3.3', 'Boçorocas', 'Evolução do processo de ravinamento, em tamanho e profundidade, em que a desagregação e remoção das partículas do solo são provocadas por escoamento hídrico superficial e subsuperficial (escoamento freático) concentrado.', 'cobrade_simbologia/simbologia_cobrade_1_1_4_3_3.png', 'Base COBRADE oficial', '2026-06-10'),
(17, 11, '1.2.1.0.0', 'Inundações', 'Submersão de áreas fora dos limites normais de um curso de água em zonas que normalmente não se encontram submersas. O transbordamento ocorre de modo gradual, geralmente ocasionado por chuvas prolongadas em áreas de planície.', 'cobrade_simbologia/simbologia_cobrade_1_2_1_0_0.png', 'Base COBRADE oficial', '2026-06-10'),
(18, 12, '1.2.2.0.0', 'Enxurradas', 'Escoamento superficial de alta velocidade e energia, provocado por chuvas intensas e concentradas, normalmente em pequenas bacias de relevo acidentado. Caracterizada pela elevação súbita das vazões de determinada drenagem e transbordamento brusco da calha fluvial. Apresenta grande poder destrutivo.', 'cobrade_simbologia/simbologia_cobrade_1_2_2_0_0.png', 'Base COBRADE oficial', '2026-06-10'),
(19, 13, '1.2.3.0.0', 'Alagamentos', 'Extrapolação da capacidade de escoamento de sistemas de drenagem urbana e consequente acúmulo de água em ruas, calçadas ou outras infraestruturas urbanas, em decorrência de precipitações intensas.', 'cobrade_simbologia/simbologia_cobrade_1_2_3_0_0.png', 'Base COBRADE oficial', '2026-06-10'),
(20, 14, '1.3.1.1.1', 'Ventos costeiros (mobilidade de dunas)', 'Intensificação dos ventos nas regiões litorâneas, movimentando dunas de areia sobre construções na orla.', 'cobrade_simbologia/simbologia_cobrade_1_3_1_1_1.png', 'Base COBRADE oficial', '2026-06-10'),
(21, 14, '1.3.1.1.2', 'Marés de tempestade (ressaca)', 'São ondas violentas que geram uma maior agitação do mar próximo à praia. Ocorrem quando rajadas fortes de vento fazem subir o nível do oceano em mar aberto e essa intensificação das correntes marítimas carrega uma enorme quantidade de água em direção ao litoral. Em consequência, as praias inundam, as ondas se tornam maiores e a orla pode ser devastada alagando ruas e destruindo edificações.', 'cobrade_simbologia/simbologia_cobrade_1_3_1_1_2.png', 'Base COBRADE oficial', '2026-06-10'),
(22, 15, '1.3.1.2.0', 'Frentes frias/Zonas de convergência', 'Frente fria é uma massa de ar frio que avança sobre uma região, provocando queda brusca da temperatura local, com período de duração inferior à friagem. Zona de convergência é uma região que está ligada à tempestade causada por uma zona de baixa pressão atmosférica, provocando forte deslocamento de massas de ar, vendavais, chuvas intensas e até queda de granizo.', 'cobrade_simbologia/simbologia_cobrade_1_3_1_2_0.png', 'Base COBRADE oficial', '2026-06-10'),
(23, 16, '1.3.2.1.1', 'Tornados', 'Coluna de ar que gira de forma violenta e muito perigosa, estando em contato com a terra e a base de uma nuvem de grande desenvolvimento vertical. Essa coluna de ar pode percorrer vários quilômetros e deixa um rastro de destruição pelo caminho percorrido.', 'cobrade_simbologia/simbologia_cobrade_1_3_2_1_1.png', 'Base COBRADE oficial', '2026-06-10'),
(24, 16, '1.3.2.1.2', 'Tempestade de raios', 'Tempestade com intensa atividade elétrica no interior das nuvens, com grande desenvolvimento vertical.', 'cobrade_simbologia/simbologia_cobrade_1_3_2_1_2.png', 'Base COBRADE oficial', '2026-06-10'),
(25, 16, '1.3.2.1.3', 'Granizo', 'Precipitação de pedaços irregulares de gelo.', 'cobrade_simbologia/simbologia_cobrade_1_3_2_1_3.png', 'Base COBRADE oficial', '2026-06-10'),
(26, 16, '1.3.2.1.4', 'Chuvas intensas', 'São chuvas que ocorrem com acumulados significativos, causando múltiplos desastres (ex.: inundações, movimentos de massa, enxurradas, etc.).', 'cobrade_simbologia/simbologia_cobrade_1_3_2_1_4.png', 'Base COBRADE oficial', '2026-06-10'),
(27, 16, '1.3.2.1.5', 'Vendaval', 'Forte deslocamento de uma massa de ar em uma região.', 'cobrade_simbologia/simbologia_cobrade_1_3_2_1_5.png', 'Base COBRADE oficial', '2026-06-10'),
(28, 17, '1.3.3.1.0', 'Onda de calor', 'É um período prolongado de tempo excessivamente quente e desconfortável, onde as temperaturas ficam acima de um valor normal esperado para aquela região em determinado período do ano. Geralmente é adotado um período mínimo de três dias com temperaturas 5°C acima dos valores máximos médios.', 'cobrade_simbologia/simbologia_cobrade_1_3_3_1_0.png', 'Base COBRADE oficial', '2026-06-10'),
(29, 18, '1.3.3.2.1', 'Friagem', 'Período de tempo que dura, no mínimo, de três a quatro dias, e os valores de temperatura mínima do ar ficam abaixo dos valores esperados para determinada região em um período do ano.', 'cobrade_simbologia/simbologia_cobrade_1_3_3_2_1.png', 'Base COBRADE oficial', '2026-06-10'),
(30, 18, '1.3.3.2.2', 'Geadas', 'Formação de uma camada de cristais de gelo na superfície ou na folhagem exposta.', 'cobrade_simbologia/simbologia_cobrade_1_3_3_2_2.png', 'Base COBRADE oficial', '2026-06-10'),
(31, 19, '1.4.1.1.0', 'Estiagem', 'Período prolongado de baixa ou nenhuma pluviosidade, em que a perda de umidade do solo é superior à sua reposição.', 'cobrade_simbologia/simbologia_cobrade_1_4_1_1_0.png', 'Base COBRADE oficial', '2026-06-10'),
(32, 20, '1.4.1.2.0', 'Seca', 'A seca é uma estiagem prolongada, durante o período de tempo suficiente para que a falta de precipitação provoque grave desequilíbrio hidrológico.', 'cobrade_simbologia/simbologia_cobrade_1_4_1_2_0.png', 'Base COBRADE oficial', '2026-06-10'),
(33, 21, '1.4.1.3.1', 'Incêndios em parques, áreas de proteção ambiental e áreas de preservação permanente nacionais, estaduais ou municipais', 'Propagação de fogo sem controle, em qualquer tipo de vegetação situada em áreas legalmente protegidas.', 'cobrade_simbologia/simbologia_cobrade_1_4_1_3_1.png', 'Base COBRADE oficial', '2026-06-10'),
(34, 21, '1.4.1.3.2', 'Incêndios em áreas não protegidas, com reflexos na qualidade do ar', 'Propagação de fogo sem controle, em qualquer tipo de vegetação que não se encontre em áreas sob proteção legal, acarretando queda da qualidade do ar.', 'cobrade_simbologia/simbologia_cobrade_1_4_1_3_2.png', 'Base COBRADE oficial', '2026-06-10'),
(35, 22, '1.4.1.4.0', 'Baixa umidade do ar', 'Queda da taxa de vapor de água suspensa na atmosfera para níveis abaixo de 20%.', 'cobrade_simbologia/simbologia_cobrade_1_4_1_4_0.png', 'Base COBRADE oficial', '2026-06-10'),
(36, 23, '1.5.1.1.0', 'Doenças infecciosas virais', 'Aumento brusco, significativo e transitório da ocorrência de doenças infecciosas geradas por vírus.', 'cobrade_simbologia/simbologia_cobrade_1_5_1_1_0.png', 'Base COBRADE oficial', '2026-06-10'),
(37, 24, '1.5.1.2.0', 'Doenças infecciosas bacterianas', 'Aumento brusco, significativo e transitório da ocorrência de doenças infecciosas geradas por bactérias.', 'cobrade_simbologia/simbologia_cobrade_1_5_1_2_0.png', 'Base COBRADE oficial', '2026-06-10'),
(38, 25, '1.5.1.3.0', 'Doenças infecciosas parasíticas', 'Aumento brusco, significativo e transitório da ocorrência de doenças infecciosas geradas por parasitas.', 'cobrade_simbologia/simbologia_cobrade_1_5_1_3_0.png', 'Base COBRADE oficial', '2026-06-10'),
(39, 26, '1.5.1.4.0', 'Doenças infecciosas fúngicas', 'Aumento brusco, significativo e transitório da ocorrência de doenças infecciosas geradas por fungos.', 'cobrade_simbologia/simbologia_cobrade_1_5_1_4_0.png', 'Base COBRADE oficial', '2026-06-10'),
(40, 27, '1.5.2.1.0', 'Infestações de animais', 'Infestações por animais que alterem o equilíbrio ecológico de uma região, bacia hidrográfica ou bioma afetado por suas ações predatórias.', 'cobrade_simbologia/simbologia_cobrade_1_5_2_1_0.png', 'Base COBRADE oficial', '2026-06-10'),
(41, 28, '1.5.2.2.1', 'Marés vermelhas', 'Aglomeração de microalgas em água doce ou em água salgada suficiente para causar alterações físicas, químicas ou biológicas em sua composição, caracterizada por uma mudança de cor, tornando-se amarela, laranja, vermelha ou marrom.', 'cobrade_simbologia/simbologia_cobrade_1_5_2_2_1.png', 'Base COBRADE oficial', '2026-06-10'),
(42, 28, '1.5.2.2.2', 'Cianobactérias em reservatórios', 'Aglomeração de cianobactérias em reservatórios receptores de descargas de dejetos domésticos, industriais e/ou agrícolas, provocando alterações das propriedades físicas, químicas ou biológicas da água.', 'cobrade_simbologia/simbologia_cobrade_1_5_2_2_2.png', 'Base COBRADE oficial', '2026-06-10'),
(43, 29, '1.5.2.3.0', 'Outras infestações', 'Infestações que alterem o equilíbrio ecológico de uma região, bacia hidrográfica ou bioma afetado por suas ações predatórias.', 'cobrade_simbologia/simbologia_cobrade_1_5_2_3_0.png', 'Base COBRADE oficial', '2026-06-10'),
(44, 30, '2.1.1.1.0', 'Queda de satélite (radionuclídeos)', 'Queda de satélites que possuem, na sua composição, motores ou corpos radioativos, podendo ocasionar a liberação deste material.', 'cobrade_simbologia/simbologia_cobrade_2_1_1_1_0.png', 'Base COBRADE oficial', '2026-06-10'),
(45, 31, '2.1.2.1.0', 'Fontes radioativas em processos de produção', 'Escapamento acidental de radiação que excede os níveis de segurança estabelecidos na norma NN 3.01/006:2011 da CNEN.', 'cobrade_simbologia/simbologia_cobrade_2_1_2_1_0.png', 'Base COBRADE oficial', '2026-06-10'),
(46, 32, '2.1.3.1.0', 'Outras fontes de liberação de radionuclídeos para o meio ambiente', 'Escapamento acidental ou não acidental de radiação originária de fontes radioativas diversas e que excede os níveis de segurança estabelecidos na norma NN 3.01/006:2011 e NN 3.01/011:2011 da CNEN.', 'cobrade_simbologia/simbologia_cobrade_2_1_3_1_0.png', 'Base COBRADE oficial', '2026-06-10'),
(47, 33, '2.2.1.1.0', 'Liberação de produtos químicos para a atmosfera causada por explosão ou incêndio', 'Liberação de produtos químicos diversos para o ambiente, provocada por explosão/incêndio em plantas industriais ou outros sítios.', 'cobrade_simbologia/simbologia_cobrade_2_2_1_1_0.png', 'Base COBRADE oficial', '2026-06-10'),
(48, 34, '2.2.2.1.0', 'Liberação de produtos químicos nos sistemas de água potável', 'Derramamento de produtos químicos diversos em um sistema de abastecimento de água potável, que pode causar alterações nas qualidades físicas, químicas, biológicas.', 'cobrade_simbologia/simbologia_cobrade_2_2_2_1_0.png', 'Base COBRADE oficial', '2026-06-10'),
(49, 35, '2.2.2.2.0', 'Derramamento de produtos químicos em ambiente lacustre, fluvial, marinho e aquífero', 'Derramamento de produtos químicos diversos em lagos, rios, mar e reservatórios subterrâneos de água, que pode causar alterações nas qualidades físicas, químicas e biológicas.', 'cobrade_simbologia/simbologia_cobrade_2_2_2_2_0.png', 'Base COBRADE oficial', '2026-06-10'),
(50, 36, '2.2.3.1.0', 'Liberação de produtos químicos e contaminação como consequência de ações militares', 'Agente de natureza nuclear ou radiológica, química ou biológica, considerado como perigoso, e que pode ser utilizado intencionalmente por terroristas ou grupamentos militares em atentados ou em caso de guerra.', 'cobrade_simbologia/simbologia_cobrade_2_2_3_1_0.png', 'Base COBRADE oficial', '2026-06-10'),
(51, 37, '2.2.4.1.0', 'Transporte rodoviário', 'Extravasamento de produtos perigosos transportados no modal rodoviário.', 'cobrade_simbologia/simbologia_cobrade_2_2_4_1_0.png', 'Base COBRADE oficial', '2026-06-10'),
(52, 38, '2.2.4.2.0', 'Transporte ferroviário', 'Extravasamento de produtos perigosos transportados no modal ferroviário.', 'cobrade_simbologia/simbologia_cobrade_2_2_4_2_0.png', 'Base COBRADE oficial', '2026-06-10'),
(53, 39, '2.2.4.3.0', 'Transporte aéreo', 'Extravasamento de produtos perigosos transportados no modal aéreo.', 'cobrade_simbologia/simbologia_cobrade_2_2_4_3_0.png', 'Base COBRADE oficial', '2026-06-10'),
(54, 40, '2.2.4.4.0', 'Transporte dutoviário', 'Extravasamento de produtos perigosos transportados no modal dutoviário.', 'cobrade_simbologia/simbologia_cobrade_2_2_4_4_0.png', 'Base COBRADE oficial', '2026-06-10'),
(55, 41, '2.2.4.5.0', 'Transporte marítimo', 'Extravasamento de produtos perigosos transportados no modal marítimo.', 'cobrade_simbologia/simbologia_cobrade_2_2_4_5_0.png', 'Base COBRADE oficial', '2026-06-10'),
(56, 42, '2.2.4.6.0', 'Transporte aquaviário', 'Extravasamento de produtos perigosos transportados no modal aquaviário.', 'cobrade_simbologia/simbologia_cobrade_2_2_4_6_0.png', 'Base COBRADE oficial', '2026-06-10'),
(57, 43, '2.3.1.1.0', 'Incêndios em plantas e distritos industriais, parques e depósitos', 'Propagação descontrolada do fogo em plantas e distritos industriais, parques e depósitos.', 'cobrade_simbologia/simbologia_cobrade_2_3_1_1_0.png', 'Base COBRADE oficial', '2026-06-10'),
(58, 44, '2.3.1.2.0', 'Incêndios em aglomerados residenciais', 'Propagação descontrolada do fogo em conjuntos habitacionais de grande densidade.', 'cobrade_simbologia/simbologia_cobrade_2_3_1_2_0.png', 'Base COBRADE oficial', '2026-06-10'),
(59, 45, '2.4.1.0.0', 'Colapso de edificações', 'Queda de estrutura civil.', 'cobrade_simbologia/simbologia_cobrade_2_4_1_0_0.png', 'Base COBRADE oficial', '2026-06-10'),
(60, 46, '2.4.2.0.0', 'Rompimento/colapso de barragens', 'Rompimento ou colapso de barragens.', 'cobrade_simbologia/simbologia_cobrade_2_4_2_0_0.png', 'Base COBRADE oficial', '2026-06-10'),
(61, 47, '2.5.1.0.0', 'Transporte rodoviário', 'Acidente no modal rodoviário envolvendo o transporte de passageiros ou cargas não perigosas.', 'cobrade_simbologia/simbologia_cobrade_2_5_1_0_0.png', 'Base COBRADE oficial', '2026-06-10'),
(62, 48, '2.5.2.0.0', 'Transporte ferroviário', 'Acidente com a participação direta de veículo ferroviário de transporte de passageiros ou cargas não perigosas.', 'cobrade_simbologia/simbologia_cobrade_2_5_2_0_0.png', 'Base COBRADE oficial', '2026-06-10'),
(63, 49, '2.5.3.0.0', 'Transporte aéreo', 'Acidente no modal aéreo envolvendo o transporte de passageiros ou cargas não perigosas.', 'cobrade_simbologia/simbologia_cobrade_2_5_3_0_0.png', 'Base COBRADE oficial', '2026-06-10'),
(64, 50, '2.5.4.0.0', 'Transporte marítimo', 'Acidente com embarcações marítimas destinadas ao transporte de passageiros e cargas não perigosas.', 'cobrade_simbologia/simbologia_cobrade_2_5_4_0_0.png', 'Base COBRADE oficial', '2026-06-10'),
(65, 51, '2.5.5.0.0', 'Transporte aquaviário', 'Acidente com embarcações destinadas ao transporte de passageiros e cargas não perigosas.', 'cobrade_simbologia/simbologia_cobrade_2_5_5_0_0.png', 'Base COBRADE oficial', '2026-06-10');
